"fundCode","fundName","incBal","principleBal","invBal","totBalFund","osfaCode","totBalStudent"
"7518300","Jim and Natalie Childs Georgia Commitment Scholarship Fund I",10500,86000,97311,193811,"316032",7000
"7519400","Gail and William Oliver (Dr. Pat) Hunnicutt III Scholarship Fund (1)",10500,169079,185025,364604,"316014",10500
"7519400","Gail and William Oliver (Dr. Pat) Hunnicutt III Scholarship Fund (2)",14000,169079,185025,368104,"316014",10500
"7519400","Gail and William Oliver (Dr. Pat) Hunnicutt III Scholarship Fund (3)",14000,169079,185025,368104,"316014",10500
"7519900","Garry and Sandra Bridgeman Scholarship Fund",0,118000,130666,248666,"316029",7000
"7520600","James E. Stewart Jr. Scholarship Endowment",10500,88000,100106,198606,"316006",7000
"7521600","RMW Family Scholarship Fund",7000,70500,71299,148799,"316180",3500
"7521800","Ernesto and Jamie Perez Scholarship Fund",21000,172000,198069,391069,"316001",7000
"7522600","Georgia Power Foundation Scholarship Fund",21000,172000,193545,386545,"316005",14000
"7522700","Scott and Meredith Selvey Family Scholarship Fund",6300,75200,84340,165840,"316010",7000
"7522800","Simmons Family Scholarship Fund",10500,86000,95891,192391,"316044",7000
"7522900","Bone Dry Roofing Company Scholarship Fund",0,118000,133330,251330,"316002",7000
"7523100","June Wilhoit Martin Scholarship Fund",10500,86000,95912,192412,"316012",7000
"7523200","Fitzgerald Family Scholarship Fund",0,59000,66590,125590,"316004",3500
"7523300","Wyck Knox Scholarship Fund",21000,172000,189022,382022,"316007",14000
"7523400","Bill and Marihope Flatt Scholarship Fund I",9130,87870,97013,194013,"316011",7000
"7523500","Silcox Family Scholarship Fund",3938,98625,110087,212650,"316043",5250
"7523600","Wicker-Croft Family Scholarship Fund",0,59000,65959,124959,"316021",7000
"7523900","Paul Talmadge Martin Scholarship Fund",10500,86000,94281,190781,"316013",3500
"7524000","President’s Venture Fund Commit to Georgia Scholarship",10500,86000,95853,192353,"316009",3500
"7524100","Waterfall Foundation Scholarship Fund",10500,86000,93957,190457,"316048",3500
"7524200","Darby Family/Victory Real Estate Scholarship Fund I",15750,129000,142801,287551,"316022",10500
"7524300","Darby Family/Victory Real Estate Scholarship Fund II",15750,129000,142801,287551,"316023",10500
"7524400","Peter and Wendy Corry Scholarship Fund I",2100,64400,70746,137246,"316042",7000
"7524500","Parents Leadership Council Commit to Georgia Scholarship Fund",10500,86000,95213,191713,"316008",7000
"7524600","Stamper Family Scholarship Fund",21000,172000,191103,384103,"316045",7000
"7524700","Bill and Marihope Flatt Scholarship Fund II",9130,82870,91592,183592,"316020",7000
"7524800","Young Family Scholarship Fund",21000,172000,187295,380295,"316003",14000
"7524900","Wade H. Stribling Scholarship Fund",0,58681,65062,123743,"316047",7000
"7525000","Rosenthal Family Scholarship Fund",274,59706,66164,126144,"316049",3500
"7525100","Mr. and Mrs. Samuel D. Holmes, Sr. Scholarship Fund",0,118000,130715,248715,"316040",14000
"7525200","John and Elizabeth Crawford Scholarship Fund",99,118254,130640,248993,"316035",7000
"7525300","Kay and John Parker Scholarship Fund I",0,59000,63675,122675,"316036",3500
"7525400","Kay and John Parker Scholarship Fund II",0,59000,63675,122675,"316037",7000
"7525500","Lillie S. Axelrod Scholarship Fund",10500,86000,95527,192027,"316039",7000
"7525800","Dee and Molly Yancey Family Scholarship Fund I",700,119800,130220,250720,"316024",14000
"7525900","Dee and Molly Yancey Family Scholarship Fund II",700,119800,130220,250720,"316025",14000
"7526000","John and Cindy Morris Scholarship Fund I",10500,86000,91935,188435,"316033",3500
"7526100","John and Cindy Morris Scholarship Fund II",10500,86000,91935,188435,"316034",7000
"7526600","Angela and Arthur M. Blank Scholarship Fund I",0,118000,125406,243406,"316015",7000
"7526700","Angela and Arthur M. Blank Scholarship Fund II",0,118000,125406,243406,"316016",14000
"7526800","Angela and Arthur M. Blank Scholarship Fund III",0,118000,125406,243406,"316017",7000
"7526900","Angela and Arthur M. Blank Scholarship Fund IV",0,118000,125406,243406,"316018",14000
"7527000","Angela and Arthur M. Blank Scholarship Fund V",0,118000,125406,243406,"316019",7000
"7527100","Howard E. Ivester Scholarship Fund I",15750,139155,168939,323844,"316030",14000
"7527200","Howard E. Ivester Scholarship Fund II",15750,139155,168939,323844,"316031",12250
"7527300","Douglas Scholarship Fund I",8879,81809,86233,176921,"316026",7000
"7527400","Douglas Scholarship Fund II",8879,81809,86233,176921,"316027",7000
"7527600","Paris Family Scholarship Fund",8387,95090,99994,203471,"316041",10500
"7527700","Shelton Family Scholarship Fund",1750,93000,100052,194802,"316046",10500
"7527900","Flanagan Family Foundation Scholarship Fund",0,118000,129010,247010,"316028",14000
"7528000","John and Marilyn McMullan Scholarship Fund",0,118000,130062,248062,"316038",7000
"7528200","Gregory F. Holcomb and Jennifer F. Holcomb Scholarship Fund",18900,157601,174256,350757,"316050",3500
"7528300","Weisiger Family Need-Based Scholarship Fund",10500,96000,105078,211578,"316051",3500
"7528700","Ada Lee Correll Scholarship Fund",21000,172000,185209,378209,"316052",14000
"7528900","Rado Scholarship Fund",0,59000,63514,122514,"316053",7000
"7529100","Equifax Scholarship Fund",7000,136000,147443,290443,"316055",14000
"7529300","Eberhardt Family Legacy Scholarship Fund",10500,87318,94846,192664,"316059",7000
"7529800","Rachel Cosby Conway Scholarship Fund",0,59000,64339,123339,"316058",7000
"7529900","Mike and Jayne Godwin Scholarship Fund",0,118000,128677,246677,"316057",14000
"7530000","Mickey A. and Carolyn F. Brown Endowed Scholarship Fund",0,59000,63270,122270,"316060",7000
"7530300","Todd and Darlene Shutley Scholarship Fund",7000,77000,82198,166198,"316062",7000
"7530900","GCS SR17 Fund I (ANONYMOUS)",0,56500,60903,117403,"316063",7000
"7531000","Scott and Heather Kleiner Scholarship Fund",7223,136573,146572,290368,"316068",7000
"7532300","John and Mildred Spalding Scholarship Fund",14092,86236,89738,190066,"316080",3500
"7532400","Allison L. McDaniel Scholarship Fund",0,59000,63539,122539,"316070",7000
"7532700","Sartain Lanier Family Foundation Scholarship Fund I",0,56500,59922,116422,"316071",7000
"7532800","Sartain Lanier Family Foundation Scholarship Fund II",0,56500,59922,116422,"316072",7000
"7532900","Sartain Lanier Family Foundation Scholarship Fund III",0,56500,59922,116422,"316073",3500
"7533100","Sartain Lanier Family Foundation Scholarship Fund IV",0,56500,59922,116422,"316074",7000
"7533100","Sartain Lanier Family Foundation Scholarship Fund IV",0,56500,59922,116422,"316075",7000
"7533600","Phil Meeks Scholarship Fund",0,118000,126850,244850,"316076",14000
"7534000","Thomas R. Dye and Frank K. Gibson Scholarship Fund",10500,94750,100678,205928,"316078",7000
"7534100","W. Craig Barrs Leadership Scholarship Fund",3063,76938,81591,161592,"316139",3500
"7534200","Cohen Family Scholarship Fund",10500,86000,91148,187648,"316077",7000
"7534500","Marvin and June Cawthon Commitment Scholarship Fund",21000,172000,183309,376309,"316092",14000
"7534600","Beth and Barry Storey Family Scholarship Fund",20691,171206,179637,371534,"316082",7000
"7534800","Kirby Smart Family Foundation Scholarship Fund",10500,86000,92303,188803,"316083",7000
"7535100","Thomas L. Hamby Scholarship Fund",0,117910,126444,244354,"316084",14000
"7535500","Chuck and Ruba Farah Family Scholarship Fund",0,118000,126817,244817,"316085",7000
"7535600","Karen and Richard Parker Scholarship Fund",3500,59000,62207,124707,"316094",3500
"7535700","Robert E. Mason Family Scholarship Fund",0,59000,63300,122300,"316086",7000
"7535800","Robert E. Mason Scholarship Fund",0,59000,63300,122300,"316087",7000
"7536000","Katherine T. Mason Scholarship Fund",0,59000,63300,122300,"316088",7000
"7536200","Ann M. Mason Scholarship Fund",0,59000,63300,122300,"316089",7000
"7536500","Freishtat Family Foundation Scholarship Fund",3500,59000,61498,123998,"316095",3500
"7536800","Mark and Allison Gray Family Scholarship Fund",0,59000,63270,122270,"316096",7000
"7537600","Michael J. Bryan Bulldog 100 Scholarship Fund",14000,42190,41677,97867,"316182",3500
"7537800","GAA Georgia Commitment Scholarship Fund I",14000,86000,91161,191161,"316098",3500
"7537900","GAA Georgia Commitment Scholarship Fund II",14000,86000,91161,191161,"316099",3500
"7538000","GAA Georgia Commitment Scholarship Fund III",14000,86000,91161,191161,"316100",3500
"7538900","GAA Georgia Commitment Scholarship Fund IV",14000,86000,91161,191161,"316101",3500
"7539800","GAA Georgia Commitment Scholarship Fund VI",14000,86000,91161,191161,"316103",0
"7539900","GAA Georgia Commitment Scholarship Fund VII",14000,86000,91511,191511,"316104",0
"7540000","GCS SR17 Fund II (ANONYMOUS)",0,56500,60903,117403,"316064",7000
"7540100","GCS SR17 Fund III (ANONYMOUS)",0,56500,60903,117403,"316065",7000
"7540200","GCS SR17 Fund IV (ANONYMOUS)",0,56500,60903,117403,"316066",7000
"7540500","GCS SR17 Fund V (ANONYMOUS)",0,56500,60903,117403,"316067",7000
"7540600","Porter and Magner Lummus Scholarship Fund",0,118000,127232,245232,"316061",14000
"7540700","GAA Georgia Commitment Scholarship Fund VIII",14000,86000,91161,191161,"316105",3500
"7540800","GAA Georgia Commitment Scholarship Fund IX",14000,86000,91161,191161,"316106",3500
"7540900","GAA Georgia Commitment Scholarship Fund X",14000,86000,91161,191161,"316107",3500
"7541000","Jim and Natalie Childs Georgia Commitment Scholarship Fund II",10500,86000,91161,187661,"316108",7000
"7541100","Jim and Natalie Childs Georgia Commitment Scholarship Fund III",4384,61273,64389,130046,"316109",0
"7541200","Jim and Natalie Childs Georgia Commitment Scholarship Fund IV",4384,61273,64389,130046,"316110",3500
"7541300","Jim and Natalie Childs Georgia Commitment Scholarship Fund V",4384,61273,64389,130046,"316111",3500
"7541400","Jim and Natalie Childs Georgia Commitment Scholarship Fund VI",4384,61273,64389,130046,"316112",0
"7541600","Jim and Natalie Childs Georgia Commitment Scholarship Fund VII",4384,61273,64389,130046,"316113",3500
"7541700","Connally Family Scholarship Fund",10500,111000,114874,236374,"316138",3500
"7542200","Tabor-Pearson Scholarship Fund",1750,54549,57326,113625,"316140",3500
"7542600","Stephens Family Scholarship Fund",9777,75140,78302,163219,"316141",3500
"7542800","Michael F. Adams - William Bonneau Ansley Jr.  Georgia Commitment Scholarship Fund",14000,86000,90592,190592,"316142",3500
"7543000","Mary Alice T. and J. Guyton Cochran Jr. Family Scholarship Fund",3500,59000,61353,123853,"316144",3500
"7543500","Weaver Scholarship Fund",3500,59000,62136,124636,"316145",3500
"7544500","Emily and Eric Olsen Scholarship Fund",7000,68000,70979,145979,"316147",3500
"7546700","Quenelle Harrold Sheffield Scholarship Fund",14000,136000,140240,290240,"316146",7000
"7548400","Lillie G. Hubbard Scholarship Fund",0,50000,52158,102158,"316153",3500
"7548500","The Correll Scholars Program Scholarship Fund 1",21096,149963,150855,321914,"316154",168000
"7548500","The Correll Scholars Program Scholarship Fund 10",21096,149963,150855,321914,"316154",168000
"7548500","The Correll Scholars Program Scholarship Fund 11",21096,149963,150855,321914,"316154",168000
"7548500","The Correll Scholars Program Scholarship Fund 12",21096,149963,150855,321914,"316154",168000
"7548500","The Correll Scholars Program Scholarship Fund 13",21096,149963,150855,321914,"316154",168000
"7548500","The Correll Scholars Program Scholarship Fund 14",21096,149963,150855,321914,"316154",168000
"7548500","The Correll Scholars Program Scholarship Fund 15",21096,149963,150855,321914,"316154",168000
"7548500","The Correll Scholars Program Scholarship Fund 16",21096,149963,150855,321914,"316154",168000
"7548500","The Correll Scholars Program Scholarship Fund 17",21096,149963,150855,321914,"316154",168000
"7548500","The Correll Scholars Program Scholarship Fund 18",21096,149963,150855,321914,"316154",168000
"7548500","The Correll Scholars Program Scholarship Fund 19",21096,149963,150855,321914,"316154",168000
"7548500","The Correll Scholars Program Scholarship Fund 2",21096,149963,150855,321914,"316154",168000
"7548500","The Correll Scholars Program Scholarship Fund 20",21096,149963,150855,321914,"316154",168000
"7548500","The Correll Scholars Program Scholarship Fund 21",21096,149963,150855,321914,"316154",168000
"7548500","The Correll Scholars Program Scholarship Fund 22",21096,149963,150855,321914,"316154",168000
"7548500","The Correll Scholars Program Scholarship Fund 23",21096,149963,150855,321914,"316154",168000
"7548500","The Correll Scholars Program Scholarship Fund 24",21096,149963,150855,321914,"316154",168000
"7548500","The Correll Scholars Program Scholarship Fund 3",21096,149963,150855,321914,"316154",168000
"7548500","The Correll Scholars Program Scholarship Fund 4",21096,149963,150855,321914,"316154",168000
"7548500","The Correll Scholars Program Scholarship Fund 5",21096,149963,150855,321914,"316154",168000
"7548500","The Correll Scholars Program Scholarship Fund 6",21096,149963,150855,321914,"316154",168000
"7548500","The Correll Scholars Program Scholarship Fund 7",21096,149963,150855,321914,"316154",168000
"7548500","The Correll Scholars Program Scholarship Fund 8",21096,149963,150855,321914,"316154",168000
"7548500","The Correll Scholars Program Scholarship Fund 9",21096,149963,150855,321914,"316154",168000
"7548700","Charles and Leigh Hoke Family Scholarship Fund",3500,59000,61084,123584,"316160",3500
"7548900","Thilo and Elizabeth Best Scholarship Fund",6957,117889,121678,246524,"316155",7000
"7549000","Quaile Family Scholarship Fund",28000,172000,176463,376463,"316156",7000
"7549100","Lisa and Ron Hinson Scholarship Fund",14000,86000,87552,187552,"316157",3500
"7549300","Philip Moye Avery Scholarship Fund",14000,68625,70231,152856,"316161",3500
"7549400","Judy and Charles Kutal Scholarship Fund",3500,59000,60525,123025,"316162",3500
"7549700","Paris Family Endowed Scholarship Fund",3500,59000,60699,123199,"316163",0
"7550800","Elizabeth Dean Womack Georgia Commitment Scholarship Fund I",3509,59023,60211,122743,"316166",3500
"7550900","Elizabeth Dean Womack Georgia Commitment Scholarship Fund II",3509,59023,60211,122743,"316167",3500
"7551000","Hal and Jenny Greer Scholarship Fund",3500,58681,59856,122037,"316168",3500
"7551600","Howard and Stephanie Bissell Family Scholarship Fund",21000,129000,131902,281902,"316174",5250
"7551900","Doris and Michael Boudens Scholarship Fund II",1750,54500,55041,111291,"316185",3500
"7552000","Doris and Michael Boudens Scholarship Fund III",1750,54500,55041,111291,"316186",3500
"7552100","Doris and Michael Boudens Scholarship Fund IV",1750,54500,55041,111291,"316187",3500
"7552500","GEICO Student Scholarship Fund",3500,59000,59791,122291,"316200",3500
"7553100","Nalley Scholarship Fund",28000,172000,174558,374558,"316203",7000
"7553200","Bruckman Family GA Commitment Scholarship Fund",14000,86000,85675,185675,"316204",3500
"7553300","Hoyt Family Scholarship Fund",8586,72079,72877,153542,"316205",3500
"7553400","Stewart and Marwen McDowell UGA Scholarship Fund",3500,59000,59710,122210,"316206",3500
"7553900","Bartlett Family Scholarship Fund",0,50000,49959,99959,"316208",3500
"7554100","Renee and Hill A. Feinberg Education Scholarship Fund",7000,118000,119039,244039,"316194",7000
"7554200","W.K. Kellogg Foundation Scholarship Fund I",21000,172000,171370,364370,"316175",7000
"7554300","W.K. Kellogg Foundation Scholarship Fund II",21000,172000,171370,364370,"316176",14000
"7554500","W.K. Kellogg Foundation Scholarship Fund IV",21000,172000,171370,364370,"316178",14000
"7554600","W.K. Kellogg Foundation Scholarship Fund V",21000,172000,171370,364370,"316179",14000
"7554700","Alice Cabaniss Langdale “Wiggie” Georgia Commitment Scholarship Fund",3500,59000,59551,122051,"316195",3500
"7555100","Moultrie-Colquitt County Alumni Scholarship Fund (1)",28000,172000,173060,373060,"316211",7000
"7555100","Moultrie-Colquitt County Alumni Scholarship Fund (3)",3139,8071,8071,19281,"316211",7000
"7555100","Moultrie-Colquitt County Alumni Scholarship Fund (4)",0,0,0,0,"316211",7000
"7555200","Jo Ann and David Hampson Scholarship Fund",7220,68566,69096,144882,"316212",3500
"7555600","Betty Brown Sloop Scholarship Fund",7451,119159,120219,246829,"316214",7000
"7555700","Dr. Vincent S. Stadnick Scholarship Fund",9380,124120,124162,257662,"316215",7000
"7555900","Warren Scholarship Fund I",15617,114712,114609,244938,"316217",5250
"7556000","Warren Scholarship Fund II",15617,114712,114609,244938,"316218",5250
"7556200","Kevin and Cheryl Windom Family Scholarship Fund",14000,86000,85480,185480,"316220",3500
"7556300","Sally and Brad Turner Scholarship Fund",0,50000,49275,99275,"316198",3500
"7556900","Sam Stolz Memorial Scholarship Fund",28000,172795,172770,373565,"316237",7000
"7557400","Dream Big Scholarship Endowment",14000,86000,85590,185590,"316232",3500
"7557600","Wright and Katherine Waddell Scholarship Fund",6648,67094,66479,140221,"316236",3500
